<?xml version="1.0" encoding="UTF-8"?>
<project-private xmlns="http://www.netbeans.org/ns/project-private/1">
    <editor-bookmarks xmlns="http://www.netbeans.org/ns/editor-bookmarks/2" lastBookmarkId="0"/>
    <open-files xmlns="http://www.netbeans.org/ns/projectui-open-files/2">
        <group>
            <file>file:/D:/_05_PIC/_03_程序/_02_MyWork/_02_手柄/General（通用）/Handle_General_01/_01_USER/main.c</file>
            <file>file:/D:/_05_PIC/_03_程序/_02_MyWork/_02_手柄/General（通用）/Handle_General_01/_01_USER/My_ADC.c</file>
            <file>file:/D:/_05_PIC/_03_程序/_02_MyWork/_02_手柄/General（通用）/Handle_General_01/_01_USER/My_Delay.c</file>
            <file>file:/D:/_05_PIC/_03_程序/_02_MyWork/_02_手柄/General（通用）/Handle_General_01/_01_USER/My_Timer.c</file>
            <file>file:/D:/_05_PIC/_03_程序/_02_MyWork/_02_手柄/General（通用）/Handle_General_01/_01_USER/GPIO.c</file>
            <file>file:/D:/_05_PIC/_03_程序/_02_MyWork/_02_手柄/General（通用）/Handle_General_01/_01_USER/My_USART.c</file>
        </group>
    </open-files>
</project-private>
